-- Seed data for the bidding platform

-- Categories
INSERT INTO categories (id, name, slug, parent_id) VALUES
(1, 'Construction', 'construction', NULL),
(2, 'IT Services', 'it-services', NULL),
(3, 'Design', 'design', NULL),
(4, 'Marketing', 'marketing', NULL),
(5, 'Plumbing', 'plumbing', 1),
(6, 'Electrical', 'electrical', 1),
(7, 'Carpentry', 'carpentry', 1),
(8, 'Web Development', 'web-development', 2),
(9, 'Mobile Development', 'mobile-development', 2),
(10, 'Graphic Design', 'graphic-design', 3),
(11, 'UI/UX Design', 'ui-ux-design', 3),
(12, 'SEO', 'seo', 4),
(13, 'Content Marketing', 'content-marketing', 4);

-- Users (1 admin, 10 buyers, 20 vendors)
INSERT INTO users (id, role, name, email, password_hash, slug, company_name) VALUES
('a0000000-0000-0000-0000-000000000001', 'admin', 'Admin User', 'admin@example.com', 'hashed_password', 'admin-user', 'Platform Admin'),
-- Buyers
('b0000000-0000-0000-0000-000000000001', 'buyer', 'John Smith', 'buyer1@example.com', 'hashed_password', 'john-smith', 'Smith & Co'),
('b0000000-0000-0000-0000-000000000002', 'buyer', 'Jane Doe', 'buyer2@example.com', 'hashed_password', 'jane-doe', 'Doe Industries'),
('b0000000-0000-0000-0000-000000000003', 'buyer', 'Peter Jones', 'buyer3@example.com', 'hashed_password', 'peter-jones', 'Jones Construction'),
('b0000000-0000-0000-0000-000000000004', 'buyer', 'Mary Williams', 'buyer4@example.com', 'hashed_password', 'mary-williams', 'Williams Tech'),
('b0000000-0000-0000-0000-000000000005', 'buyer', 'David Brown', 'buyer5@example.com', 'hashed_password', 'david-brown', 'Brown Designs'),
('b0000000-0000-0000-0000-000000000006', 'buyer', 'Susan Davis', 'buyer6@example.com', 'hashed_password', 'susan-davis', 'Davis Marketing'),
('b0000000-0000-0000-0000-000000000007', 'buyer', 'Michael Miller', 'buyer7@example.com', 'hashed_password', 'michael-miller', 'Miller Group'),
('b0000000-0000-0000-0000-000000000008', 'buyer', 'Linda Wilson', 'buyer8@example.com', 'hashed_password', 'linda-wilson', 'Wilson Solutions'),
('b0000000-0000-0000-0000-000000000009', 'buyer', 'Robert Moore', 'buyer9@example.com', 'hashed_password', 'robert-moore', 'Moore Enterprises'),
('b0000000-0000-0000-0000-000000000010', 'buyer', 'Patricia Taylor', 'buyer10@example.com', 'hashed_password', 'patricia-taylor', 'Taylor Inc'),
-- Vendors
('v0000000-0000-0000-0000-000000000001', 'vendor', 'Pro Plumbers', 'vendor1@example.com', 'hashed_password', 'pro-plumbers', 'Pro Plumbers Inc.'),
('v0000000-0000-0000-0000-000000000002', 'vendor', 'Sparky Electric', 'vendor2@example.com', 'hashed_password', 'sparky-electric', 'Sparky Electric LLC'),
('v0000000-0000-0000-0000-000000000003', 'vendor', 'BuildRight Carpenters', 'vendor3@example.com', 'hashed_password', 'buildright-carpenters', 'BuildRight'),
('v0000000-0000-0000-0000-000000000004', 'vendor', 'CodeCrafters', 'vendor4@example.com', 'hashed_password', 'codecrafters', 'CodeCrafters'),
('v0000000-0000-0000-0000-000000000005', 'vendor', 'AppMakers', 'vendor5@example.com', 'hashed_password', 'appmakers', 'AppMakers'),
('v0000000-0000-0000-0000-000000000006', 'vendor', 'PixelPerfect', 'vendor6@example.com', 'hashed_password', 'pixelperfect', 'PixelPerfect Studios'),
('v0000000-0000-0000-0000-000000000007', 'vendor', 'UserFirst UX', 'vendor7@example.com', 'hashed_password', 'userfirst-ux', 'UserFirst'),
('v0000000-0000-0000-0000-000000000008', 'vendor', 'RankHigh SEO', 'vendor8@example.com', 'hashed_password', 'rankhigh-seo', 'RankHigh'),
('v0000000-0000-0000-0000-000000000009', 'vendor', 'ContentKings', 'vendor9@example.com', 'hashed_password', 'contentkings', 'ContentKings'),
('v0000000-0000-0000-0000-000000000010', 'vendor', 'All-in-One Construction', 'vendor10@example.com', 'hashed_password', 'all-in-one-construction', 'All-in-One'),
('v0000000-0000-0000-0000-000000000011', 'vendor', 'Creative Solutions', 'vendor11@example.com', 'hashed_password', 'creative-solutions', 'Creative Solutions'),
('v0000000-0000-0000-0000-000000000012', 'vendor', 'Tech Innovators', 'vendor12@example.com', 'hashed_password', 'tech-innovators', 'Tech Innovators'),
('v0000000-0000-0000-0000-000000000013', 'vendor', 'Digital Marketing Pros', 'vendor13@example.com', 'hashed_password', 'digital-marketing-pros', 'Digital Marketing Pros'),
('v0000000-0000-0000-0000-000000000014', 'vendor', 'Reliable Builders', 'vendor14@example.com', 'hashed_password', 'reliable-builders', 'Reliable Builders'),
('v0000000-0000-0000-0000-000000000015', 'vendor', 'Software Gurus', 'vendor15@example.com', 'hashed_password', 'software-gurus', 'Software Gurus'),
('v0000000-0000-0000-0000-000000000016', 'vendor', 'Design Wizards', 'vendor16@example.com', 'hashed_password', 'design-wizards', 'Design Wizards'),
('v0000000-0000-0000-0000-000000000017', 'vendor', 'Marketing Masters', 'vendor17@example.com', 'hashed_password', 'marketing-masters', 'Marketing Masters'),
('v0000000-0000-0000-0000-000000000018', 'vendor', 'FixIt All', 'vendor18@example.com', 'hashed_password', 'fixit-all', 'FixIt All'),
('v0000000-0000-0000-0000-000000000019', 'vendor', 'Web Weavers', 'vendor19@example.com', 'hashed_password', 'web-weavers', 'Web Weavers'),
('v0000000-0000-0000-0000-000000000020', 'vendor', 'Brand Builders', 'vendor20@example.com', 'hashed_password', 'brand-builders', 'Brand Builders');

-- RFQs (30)
INSERT INTO rfqs (id, title, slug_title, description, buyer_id, category_id, subcategory_id, tags, budget_min, budget_max, currency, status) VALUES
(1, 'New Office Plumbing Installation', 'new-office-plumbing-installation', 'Complete plumbing for a 2-story office building.', 'b0000000-0000-0000-0000-000000000001', 1, 5, '{"plumbing", "office"}', 15000, 25000, 'USD', 'open'),
(2, 'E-commerce Website for Fashion Brand', 'ecommerce-website-fashion-brand', 'Develop a high-end e-commerce site with Shopify integration.', 'b0000000-0000-0000-0000-000000000002', 2, 8, '{"ecommerce", "fashion", "shopify"}', 30000, 50000, 'USD', 'open'),
(3, 'Corporate Branding Package', 'corporate-branding-package', 'New logo, style guide, and marketing materials.', 'b0000000-0000-0000-0000-000000000003', 3, 10, '{"branding", "logo", "design"}', 8000, 12000, 'USD', 'open'),
(4, 'SEO Audit and Implementation', 'seo-audit-implementation', 'Full SEO audit of our existing website and implementation of recommendations.', 'b0000000-0000-0000-0000-000000000004', 4, 12, '{"seo", "audit", "marketing"}', 4000, 7000, 'USD', 'open'),
(5, 'Custom Office Furniture', 'custom-office-furniture', 'Need custom desks and shelving for a 50-person office.', 'b0000000-0000-0000-0000-000000000005', 1, 7, '{"furniture", "carpentry", "office"}', 20000, 35000, 'USD', 'open'),
(6, 'iOS and Android App for Delivery Service', 'ios-android-app-delivery-service', 'Native apps for both iOS and Android for a food delivery startup.', 'b0000000-0000-0000-0000-000000000006', 2, 9, '{"mobile", "ios", "android"}', 50000, 80000, 'USD', 'open'),
(7, 'UI/UX Redesign for SaaS Platform', 'ui-ux-redesign-saas-platform', 'Complete UI/UX overhaul for our existing SaaS product.', 'b0000000-0000-0000-0000-000000000007', 3, 11, '{"ui", "ux", "saas"}', 15000, 25000, 'USD', 'open'),
(8, 'Content Marketing Strategy and Execution', 'content-marketing-strategy-execution', 'Monthly blog posts, social media content, and newsletters.', 'b0000000-0000-0000-0000-000000000008', 4, 13, '{"content", "marketing", "writing"}', 3000, 5000, 'USD', 'open'),
(9, 'Warehouse Electrical Wiring', 'warehouse-electrical-wiring', 'Complete electrical wiring for a new 10,000 sq ft warehouse.', 'b0000000-0000-0000-0000-000000000009', 1, 6, '{"electrical", "warehouse", "wiring"}', 25000, 40000, 'USD', 'open'),
(10, 'Internal Dashboard Development', 'internal-dashboard-development', 'Build a web-based internal dashboard for data visualization.', 'b0000000-0000-0000-0000-000000000010', 2, 8, '{"dashboard", "react", "d3"}', 20000, 30000, 'USD', 'open'),
(11, 'Home Renovation Plumbing', 'home-renovation-plumbing', 'Plumbing work for a kitchen and two bathrooms renovation.', 'b0000000-0000-0000-0000-000000000001', 1, 5, '{"plumbing", "home", "renovation"}', 8000, 15000, 'USD', 'awarded'),
(12, 'Mobile Game Development', 'mobile-game-development', '2D puzzle game for iOS and Android.', 'b0000000-0000-0000-0000-000000000002', 2, 9, '{"game", "mobile", "unity"}', 40000, 60000, 'USD', 'open'),
(13, 'Product Packaging Design', 'product-packaging-design', 'Packaging design for a new line of cosmetic products.', 'b0000000-0000-0000-0000-000000000003', 3, 10, '{"packaging", "design", "cosmetics"}', 6000, 10000, 'USD', 'closed'),
(14, 'Link Building Campaign', 'link-building-campaign', 'High-quality backlink acquisition for our B2B website.', 'b0000000-0000-0000-0000-000000000004', 4, 12, '{"seo", "link-building", "b2b"}', 2000, 4000, 'USD', 'open'),
(15, 'Restaurant Kitchen Carpentry', 'restaurant-kitchen-carpentry', 'Custom cabinets and workstations for a commercial kitchen.', 'b0000000-0000-0000-0000-000000000005', 1, 7, '{"carpentry", "kitchen", "restaurant"}', 12000, 18000, 'USD', 'open'),
(16, 'React Native App Maintenance', 'react-native-app-maintenance', 'Ongoing maintenance and feature development for an existing React Native app.', 'b0000000-0000-0000-0000-000000000006', 2, 9, '{"react-native", "maintenance", "mobile"}', 3000, 5000, 'USD', 'open'),
(17, 'Infographic Design Series', 'infographic-design-series', 'A series of 10 infographics for our content marketing campaigns.', 'b0000000-0000-0000-0000-000000000007', 3, 10, '{"infographics", "design", "content"}', 4000, 6000, 'USD', 'open'),
(18, 'Social Media Marketing Management', 'social-media-marketing-management', 'Management of our Facebook, Instagram, and Twitter accounts.', 'b0000000-0000-0000-0000-000000000008', 4, 13, '{"social-media", "marketing", "management"}', 1500, 2500, 'USD', 'open'),
(19, 'Retail Store Lighting Installation', 'retail-store-lighting-installation', 'LED lighting installation for a 3000 sq ft retail space.', 'b0000000-0000-0000-0000-000000000009', 1, 6, '{"lighting", "electrical", "retail"}', 10000, 15000, 'USD', 'open'),
(20, 'Vue.js Frontend Development', 'vuejs-frontend-development', 'Frontend development for a new web application using Vue.js.', 'b0000000-0000-0000-0000-000000000010', 2, 8, '{"vuejs", "frontend", "javascript"}', 25000, 40000, 'USD', 'open'),
(21, 'Bathroom Remodeling Plumbing', 'bathroom-remodeling-plumbing', 'Plumbing for a master bathroom remodel.', 'b0000000-0000-0000-0000-000000000001', 1, 5, '{"plumbing", "bathroom", "remodeling"}', 5000, 8000, 'USD', 'open'),
(22, 'Node.js Backend API Development', 'nodejs-backend-api-development', 'REST API development for a mobile application backend.', 'b0000000-0000-0000-0000-000000000002', 2, 8, '{"nodejs", "api", "backend"}', 15000, 25000, 'USD', 'open'),
(23, 'Trade Show Booth Design', 'trade-show-booth-design', 'Design of a 10x20 trade show booth and graphics.', 'b0000000-0000-0000-0000-000000000003', 3, 10, '{"tradeshow", "booth", "design"}', 7000, 11000, 'USD', 'open'),
(24, 'PPC Campaign Management', 'ppc-campaign-management', 'Management of Google Ads and Facebook Ads campaigns.', 'b0000000-0000-0000-0000-000000000004', 4, 12, '{"ppc", "adwords", "facebook-ads"}', 2500, 4500, 'USD', 'open'),
(25, 'Custom Deck Construction', 'custom-deck-construction', 'Construction of a 500 sq ft composite deck.', 'b0000000-0000-0000-0000-000000000005', 1, 7, '{"deck", "carpentry", "construction"}', 10000, 16000, 'USD', 'open'),
(26, 'Flutter App Development', 'flutter-app-development', 'Cross-platform mobile app development using Flutter.', 'b0000000-0000-0000-0000-000000000006', 2, 9, '{"flutter", "mobile", "cross-platform"}', 35000, 55000, 'USD', 'open'),
(27, 'Website Accessibility Audit (WCAG)', 'website-accessibility-audit-wcag', 'Audit our website for WCAG 2.1 AA compliance.', 'b0000000-0000-0000-0000-000000000007', 3, 11, '{"accessibility", "wcag", "audit"}', 3000, 5000, 'USD', 'open'),
(28, 'Email Marketing Campaign Setup', 'email-marketing-campaign-setup', 'Setup and design of an email marketing campaign in Mailchimp.', 'b0000000-0000-0000-0000-000000000008', 4, 13, '{"email-marketing", "mailchimp", "campaign"}', 1000, 2000, 'USD', 'open'),
(29, 'Smart Home Electrical Installation', 'smart-home-electrical-installation', 'Installation of smart lighting, switches, and outlets.', 'b0000000-0000-0000-0000-000000000009', 1, 6, '{"smart-home", "electrical", "iot"}', 8000, 13000, 'USD', 'open'),
(30, 'Angular Web App Development', 'angular-web-app-development', 'Development of a single-page application using Angular.', 'b0000000-0000-0000-0000-000000000010', 2, 8, '{"angular", "spa", "frontend"}', 30000, 45000, 'USD', 'open');

-- Bids (80)
INSERT INTO bids (id, rfq_id, vendor_id, amount, currency, delivery_days, message, status) VALUES
(1, 1, 'v0000000-0000-0000-0000-000000000001', 22000, 'USD', 45, 'Experienced in large office plumbing projects.', 'submitted'),
(2, 1, 'v0000000-0000-0000-0000-000000000010', 24000, 'USD', 40, 'We can provide a full team to expedite the project.', 'submitted'),
(3, 1, 'v0000000-0000-0000-0000-000000000018', 23500, 'USD', 42, 'Quality work guaranteed.', 'submitted'),
(4, 2, 'v0000000-0000-0000-0000-000000000004', 48000, 'USD', 90, 'We are Shopify Plus partners.', 'submitted'),
(5, 2, 'v0000000-0000-0000-0000-000000000012', 45000, 'USD', 100, 'Our portfolio includes several high-traffic e-commerce sites.', 'submitted'),
(6, 2, 'v0000000-0000-0000-0000-000000000019', 49000, 'USD', 85, 'We focus on conversion rate optimization.', 'submitted'),
(7, 3, 'v0000000-0000-0000-0000-000000000006', 10000, 'USD', 30, 'We create memorable brand identities.', 'submitted'),
(8, 3, 'v0000000-0000-0000-0000-000000000011', 11000, 'USD', 25, 'Our design process is collaborative and iterative.', 'submitted'),
(9, 3, 'v0000000-0000-0000-0000-000000000016', 9500, 'USD', 35, 'We deliver pixel-perfect designs.', 'submitted'),
(10, 4, 'v0000000-0000-0000-0000-000000000008', 6000, 'USD', 45, 'We guarantee first-page ranking improvements.', 'submitted'),
(11, 4, 'v0000000-0000-0000-0000-000000000013', 6500, 'USD', 40, 'Our audits are comprehensive and actionable.', 'submitted'),
(12, 5, 'v0000000-0000-0000-0000-000000000003', 32000, 'USD', 60, 'We use high-quality, sustainable materials.', 'submitted'),
(13, 5, 'v0000000-0000-0000-0000-000000000014', 34000, 'USD', 55, 'Our craftsmanship is second to none.', 'submitted'),
(14, 6, 'v0000000-0000-0000-0000-000000000005', 75000, 'USD', 120, 'We have a dedicated team of mobile app developers.', 'submitted'),
(15, 6, 'v0000000-0000-0000-0000-000000000015', 78000, 'USD', 110, 'We build scalable and performant mobile apps.', 'submitted'),
(16, 7, 'v0000000-0000-0000-0000-000000000007', 22000, 'USD', 60, 'We focus on user-centric design principles.', 'submitted'),
(17, 7, 'v0000000-0000-0000-0000-000000000016', 24000, 'USD', 50, 'Our redesigns have proven to increase user engagement.', 'submitted'),
(18, 8, 'v0000000-0000-0000-0000-000000000009', 4500, 'USD', 30, 'We create content that drives results.', 'submitted'),
(19, 8, 'v0000000-0000-0000-0000-000000000017', 4800, 'USD', 25, 'Our writers are experts in various industries.', 'submitted'),
(20, 9, 'v0000000-0000-0000-0000-000000000002', 38000, 'USD', 75, 'We are licensed and insured for large commercial projects.', 'submitted'),
(21, 9, 'v0000000-0000-0000-0000-000000000010', 39000, 'USD', 70, 'Safety and compliance are our top priorities.', 'submitted'),
(22, 10, 'v0000000-0000-0000-0000-000000000004', 28000, 'USD', 60, 'We build beautiful and functional dashboards.', 'submitted'),
(23, 10, 'v0000000-0000-0000-0000-000000000012', 29000, 'USD', 55, 'We have experience with various data visualization libraries.', 'submitted'),
(24, 11, 'v0000000-0000-0000-0000-000000000001', 12000, 'USD', 20, 'We can handle all aspects of the plumbing renovation.', 'accepted'),
(25, 11, 'v0000000-0000-0000-0000-000000000018', 13000, 'USD', 18, 'Fast and reliable service.', 'rejected'),
(26, 12, 'v0000000-0000-0000-0000-000000000005', 55000, 'USD', 150, 'We are experts in mobile game development.', 'submitted'),
(27, 12, 'v0000000-0000-0000-0000-000000000015', 58000, 'USD', 140, 'We can build a fun and engaging puzzle game.', 'submitted'),
(28, 13, 'v0000000-0000-0000-0000-000000000006', 9000, 'USD', 20, 'We create packaging that stands out on the shelf.', 'submitted'),
(29, 13, 'v0000000-0000-0000-0000-000000000016', 9500, 'USD', 18, 'Our designs are both beautiful and functional.', 'submitted'),
(30, 14, 'v0000000-0000-0000-0000-000000000008', 3500, 'USD', 60, 'We use white-hat SEO techniques for sustainable results.', 'submitted'),
(31, 14, 'v0000000-0000-0000-0000-000000000013', 3800, 'USD', 55, 'We have a network of high-authority websites for link placements.', 'submitted'),
(32, 15, 'v0000000-0000-0000-0000-000000000003', 16000, 'USD', 45, 'We have experience with commercial kitchen carpentry.', 'submitted'),
(33, 15, 'v0000000-0000-0000-0000-000000000014', 17000, 'USD', 40, 'We can create custom solutions to fit your space.', 'submitted'),
(34, 16, 'v0000000-0000-0000-0000-000000000005', 4500, 'USD', 30, 'We provide reliable and timely app maintenance.', 'submitted'),
(35, 16, 'v0000000-0000-0000-0000-000000000012', 4800, 'USD', 25, 'Our team can handle any bug fixes or feature requests.', 'submitted'),
(36, 17, 'v0000000-0000-0000-0000-000000000006', 5500, 'USD', 30, 'We create visually appealing and informative infographics.', 'submitted'),
(37, 17, 'v0000000-0000-0000-0000-000000000011', 5800, 'USD', 25, 'Our infographics are designed to be shared on social media.', 'submitted'),
(38, 18, 'v0000000-0000-0000-0000-000000000009', 2200, 'USD', 30, 'We can grow your social media following and engagement.', 'submitted'),
(39, 18, 'v0000000-0000-0000-0000-000000000017', 2400, 'USD', 25, 'We provide detailed monthly reports on your social media performance.', 'submitted'),
(40, 19, 'v0000000-0000-0000-0000-000000000002', 14000, 'USD', 30, 'We specialize in energy-efficient LED lighting solutions.', 'submitted'),
(41, 19, 'v0000000-0000-0000-0000-000000000010', 14500, 'USD', 28, 'We can design a lighting plan that enhances your retail space.', 'submitted'),
(42, 20, 'v0000000-0000-0000-0000-000000000004', 38000, 'USD', 75, 'We are experts in Vue.js and have built several complex applications.', 'submitted'),
(43, 20, 'v0000000-0000-0000-0000-000000000019', 39000, 'USD', 70, 'We write clean, maintainable, and well-documented code.', 'submitted'),
(44, 21, 'v0000000-0000-0000-0000-000000000001', 7000, 'USD', 15, 'We can start immediately and finish quickly.', 'submitted'),
(45, 21, 'v0000000-0000-0000-0000-000000000018', 7500, 'USD', 14, 'We use high-quality fixtures and materials.', 'submitted'),
(46, 22, 'v0000000-0000-0000-0000-000000000004', 22000, 'USD', 60, 'We build robust and scalable APIs with Node.js and Express.', 'submitted'),
(47, 22, 'v0000000-0000-0000-0000-000000000015', 24000, 'USD', 55, 'Our APIs are well-documented and easy to integrate with.', 'submitted'),
(48, 23, 'v0000000-0000-0000-0000-000000000006', 10000, 'USD', 20, 'We design eye-catching trade show booths that attract visitors.', 'submitted'),
(49, 23, 'v0000000-0000-0000-0000-000000000011', 10500, 'USD', 18, 'We can handle everything from design to production.', 'submitted'),
(50, 24, 'v0000000-0000-0000-0000-000000000008', 4000, 'USD', 30, 'We are Google Ads and Facebook Ads certified.', 'submitted'),
(51, 24, 'v0000000-0000-0000-0000-000000000013', 4200, 'USD', 28, 'We focus on maximizing your ROI from PPC campaigns.', 'submitted'),
(52, 25, 'v0000000-0000-0000-0000-000000000003', 14000, 'USD', 30, 'We build beautiful and durable composite decks.', 'submitted'),
(53, 25, 'v0000000-0000-0000-0000-000000000014', 15000, 'USD', 28, 'We can customize the deck design to your specifications.', 'submitted'),
(54, 26, 'v0000000-0000-0000-0000-000000000005', 52000, 'USD', 120, 'We are experienced Flutter developers.', 'submitted'),
(55, 26, 'v0000000-0000-0000-0000-000000000012', 54000, 'USD', 110, 'We can build a high-quality app for both iOS and Android with a single codebase.', 'submitted'),
(56, 27, 'v0000000-0000-0000-0000-000000000007', 4500, 'USD', 15, 'We provide a detailed report with actionable recommendations.', 'submitted'),
(57, 27, 'v0000000-0000-0000-0000-000000000016', 4800, 'USD', 14, 'We can help you make your website accessible to everyone.', 'submitted'),
(58, 28, 'v0000000-0000-0000-0000-000000000009', 1800, 'USD', 7, 'We can design and set up your Mailchimp campaign quickly.', 'submitted'),
(59, 28, 'v0000000-0000-0000-0000-000000000017', 1900, 'USD', 6, 'We can help you grow your email list and increase conversions.', 'submitted'),
(60, 29, 'v0000000-0000-0000-0000-000000000002', 11000, 'USD', 20, 'We are experts in smart home technology.', 'submitted'),
(61, 29, 'v0000000-0000-0000-0000-000000000010', 12000, 'USD', 18, 'We can integrate all your smart devices into a single system.', 'submitted'),
(62, 30, 'v0000000-0000-0000-0000-000000000004', 42000, 'USD', 90, 'We have a team of experienced Angular developers.', 'submitted'),
(63, 30, 'v0000000-0000-0000-0000-000000000019', 44000, 'USD', 85, 'We build complex single-page applications with Angular.', 'submitted'),
(64, 1, 'v0000000-0000-0000-0000-000000000002', 25000, 'USD', 50, 'We can also handle the electrical work for the office.', 'submitted'),
(65, 2, 'v0000000-0000-0000-0000-000000000005', 47000, 'USD', 95, 'We offer a complete e-commerce solution.', 'submitted'),
(66, 3, 'v0000000-0000-0000-0000-000000000007', 11500, 'USD', 28, 'Our branding work has won awards.', 'submitted'),
(67, 4, 'v0000000-0000-0000-0000-000000000009', 6800, 'USD', 42, 'We have a proven track record of improving search rankings.', 'submitted'),
(68, 5, 'v0000000-0000-0000-0000-000000000018', 33000, 'USD', 58, 'We can work with your existing designs or create new ones.', 'submitted'),
(69, 6, 'v0000000-0000-0000-0000-000000000012', 76000, 'USD', 115, 'We can also provide ongoing support and maintenance.', 'submitted'),
(70, 7, 'v0000000-0000-0000-0000-000000000011', 23000, 'USD', 55, 'We can conduct user research to inform the redesign.', 'submitted'),
(71, 8, 'v0000000-0000-0000-0000-000000000013', 4700, 'USD', 28, 'We can create a content calendar to align with your marketing goals.', 'submitted'),
(72, 9, 'v0000000-0000-0000-0000-000000000014', 38500, 'USD', 72, 'We have a team of certified electricians.', 'submitted'),
(73, 10, 'v0000000-0000-0000-0000-000000000015', 28500, 'USD', 58, 'We can integrate with your existing data sources.', 'submitted'),
(74, 11, 'v0000000-0000-0000-0000-000000000010', 12500, 'USD', 19, 'We are available to start next week.', 'rejected'),
(75, 12, 'v0000000-0000-0000-0000-000000000019', 56000, 'USD', 145, 'We can also help with game design and monetization.', 'submitted'),
(76, 13, 'v0000000-0000-0000-0000-000000000020', 9200, 'USD', 19, 'We have experience with luxury product packaging.', 'submitted'),
(77, 14, 'v0000000-0000-0000-0000-000000000017', 3700, 'USD', 58, 'We will provide a detailed report of all links acquired.', 'submitted'),
(78, 15, 'v0000000-0000-0000-0000-000000000001', 16500, 'USD', 42, 'We can also handle the plumbing for the kitchen.', 'submitted'),
(79, 16, 'v0000000-0000-0000-0000-000000000019', 4700, 'USD', 28, 'We have a dedicated team for mobile app maintenance.', 'submitted'),
(80, 17, 'v0000000-0000-0000-0000-000000000020', 5700, 'USD', 28, 'We can create infographics in your brand style.', 'submitted');

-- Conversations (40)
INSERT INTO conversations (id, rfq_id, buyer_id, vendor_id) VALUES
(1, 1, 'b0000000-0000-0000-0000-000000000001', 'v0000000-0000-0000-0000-000000000001'),
(2, 1, 'b0000000-0000-0000-0000-000000000001', 'v0000000-0000-0000-0000-000000000010'),
(3, 2, 'b0000000-0000-0000-0000-000000000002', 'v0000000-0000-0000-0000-000000000004'),
(4, 2, 'b0000000-0000-0000-0000-000000000002', 'v0000000-0000-0000-0000-000000000012'),
(5, 3, 'b0000000-0000-0000-0000-000000000003', 'v0000000-0000-0000-0000-000000000006'),
(6, 3, 'b0000000-0000-0000-0000-000000000003', 'v0000000-0000-0000-0000-000000000011'),
(7, 4, 'b0000000-0000-0000-0000-000000000004', 'v0000000-0000-0000-0000-000000000008'),
(8, 5, 'b0000000-0000-0000-0000-000000000005', 'v0000000-0000-0000-0000-000000000003'),
(9, 6, 'b0000000-0000-0000-0000-000000000006', 'v0000000-0000-0000-0000-000000000005'),
(10, 7, 'b0000000-0000-0000-0000-000000000007', 'v0000000-0000-0000-0000-000000000007'),
(11, 8, 'b0000000-0000-0000-0000-000000000008', 'v0000000-0000-0000-0000-000000000009'),
(12, 9, 'b0000000-0000-0000-0000-000000000009', 'v0000000-0000-0000-0000-000000000002'),
(13, 10, 'b0000000-0000-0000-0000-000000000010', 'v0000000-0000-0000-0000-000000000004'),
(14, 11, 'b0000000-0000-0000-0000-000000000001', 'v0000000-0000-0000-0000-000000000001'),
(15, 11, 'b0000000-0000-0000-0000-000000000001', 'v0000000-0000-0000-0000-000000000018'),
(16, 12, 'b0000000-0000-0000-0000-000000000002', 'v0000000-0000-0000-0000-000000000005'),
(17, 13, 'b0000000-0000-0000-0000-000000000003', 'v0000000-0000-0000-0000-000000000006'),
(18, 14, 'b0000000-0000-0000-0000-000000000004', 'v0000000-0000-0000-0000-000000000008'),
(19, 15, 'b0000000-0000-0000-0000-000000000005', 'v0000000-0000-0000-0000-000000000003'),
(20, 16, 'b0000000-0000-0000-0000-000000000006', 'v0000000-0000-0000-0000-000000000005'),
(21, 17, 'b0000000-0000-0000-0000-000000000007', 'v0000000-0000-0000-0000-000000000006'),
(22, 18, 'b0000000-0000-0000-0000-000000000008', 'v0000000-0000-0000-0000-000000000009'),
(23, 19, 'b0000000-0000-0000-0000-000000000009', 'v0000000-0000-0000-0000-000000000002'),
(24, 20, 'b0000000-0000-0000-0000-000000000010', 'v0000000-0000-0000-0000-000000000004'),
(25, 21, 'b0000000-0000-0000-0000-000000000001', 'v0000000-0000-0000-0000-000000000001'),
(26, 22, 'b0000000-0000-0000-0000-000000000002', 'v0000000-0000-0000-0000-000000000004'),
(27, 23, 'b0000000-0000-0000-0000-000000000003', 'v0000000-0000-0000-0000-000000000006'),
(28, 24, 'b0000000-0000-0000-0000-000000000004', 'v0000000-0000-0000-0000-000000000008'),
(29, 25, 'b0000000-0000-0000-0000-000000000005', 'v0000000-0000-0000-0000-000000000003'),
(30, 26, 'b0000000-0000-0000-0000-000000000006', 'v0000000-0000-0000-0000-000000000005'),
(31, 27, 'b0000000-0000-0000-0000-000000000007', 'v0000000-0000-0000-0000-000000000007'),
(32, 28, 'b0000000-0000-0000-0000-000000000008', 'v0000000-0000-0000-0000-000000000009'),
(33, 29, 'b0000000-0000-0000-0000-000000000009', 'v0000000-0000-0000-0000-000000000002'),
(34, 30, 'b0000000-0000-0000-0000-000000000010', 'v0000000-0000-0000-0000-000000000004'),
(35, 1, 'b0000000-0000-0000-0000-000000000001', 'v0000000-0000-0000-0000-000000000002'),
(36, 2, 'b0000000-0000-0000-0000-000000000002', 'v0000000-0000-0000-0000-000000000005'),
(37, 3, 'b0000000-0000-0000-0000-000000000003', 'v0000000-0000-0000-0000-000000000007'),
(38, 4, 'b0000000-0000-0000-0000-000000000004', 'v0000000-0000-0000-0000-000000000009'),
(39, 5, 'b0000000-0000-0000-0000-000000000005', 'v0000000-0000-0000-0000-000000000018'),
(40, 6, 'b0000000-0000-0000-0000-000000000006', 'v0000000-0000-0000-0000-000000000012');

-- Messages
INSERT INTO messages (id, conversation_id, sender_id, content) VALUES
(1, 1, 'b0000000-0000-0000-0000-000000000001', 'Can you provide a portfolio of similar projects?'),
(2, 1, 'v0000000-0000-0000-0000-000000000001', 'Yes, I will send it over shortly.'),
(3, 2, 'b0000000-0000-0000-0000-000000000001', 'What is your availability to start?'),
(4, 2, 'v0000000-0000-0000-0000-000000000010', 'We can start in 2 weeks.'),
(5, 3, 'b0000000-0000-0000-0000-000000000002', 'Do you have experience with Shopify Plus?'),
(6, 3, 'v0000000-0000-0000-0000-000000000004', 'Yes, we are certified Shopify Plus partners.'),
(7, 4, 'b0000000-0000-0000-0000-000000000002', 'Can you share some examples of your e-commerce work?'),
(8, 4, 'v0000000-0000-0000-0000-000000000012', 'Of course, I will send you a link to our portfolio.'),
(9, 5, 'b0000000-0000-0000-0000-000000000003', 'What is your design process?'),
(10, 5, 'v0000000-0000-0000-0000-000000000006', 'We start with a discovery phase to understand your brand and goals.'),
(11, 14, 'b0000000-0000-0000-0000-000000000001', 'We were very happy with your work on our last project.'),
(12, 14, 'v0000000-0000-0000-0000-000000000001', 'Thank you! We are happy to work with you again.');
